{"person": [[327.7567443847656, 204.5219268798828, 456.1719055175781, 465.4928283691406, 0.8919195532798767], [89.07106018066406, 170.23550415039062, 186.3511199951172, 473.8835144042969], [185.29586791992188, 148.52516174316406, 336.6893615722656, 476.4837951660156], [129.2254638671875, 148.57687377929688, 240.33154296875, 477.676025390625]], "kite": [[650.54150390625, 42.586761474609375, 665.5379638671875, 73.57200622558594, 0.48869404196739197]]}