{"person": [[393.8005676269531, 1003.8837280273438, 816.566162109375, 1995.1663818359375, 0.8957721590995789], [1427.5335693359375, 1222.8243408203125, 1814.8011474609375, 1992.2364501953125], [992.7279052734375, 918.3685913085938, 1549.3135986328125, 1989.6685791015625], [802.61767578125, 1290.8052978515625, 1069.7625732421875, 1993.677978515625], [1949.89111328125, 987.9581298828125, 2301.712890625, 1989.802001953125], [0.20005153119564056, 956.022216796875, 376.9765319824219, 2000.979248046875], [2122.036865234375, 776.8828125, 2780.940185546875, 1994.8714599609375]], "backpack": [[2586.416259765625, 1073.6878662109375, 2960.30078125, 1746.581298828125, 0.647458016872406]]}